Group,APC,APC_lower,APC_upper,p_value
Decubitus Ulcer,6.178873874150015,5.3199817247732595,7.044770351786034,1.5724485194806075e-13
Trauma,6.853040263001686,5.0923992956376285,8.643177717616357,2.5036951213308468e-8
Vertebral,6.993699703757161,6.121801341143085,7.872761596815714,1.44376394182677e-14
