Group,APC,APC_lower,APC_upper,p_value
Decubitus Ulcer,6.112145368114086,5.273796732272218,6.957170199334439,1.192758888703034e-13
Trauma,7.902692532219824,6.234942574656732,9.5966239876361,6.321586392899515e-10
Vertebral,6.993699703757161,6.121801341143085,7.872761596815714,1.44376394182677e-14
