Group,APC,APC_lower,APC_upper,p_value
Diabetes,4.044223950699921,3.027887757044434,5.070585966305385,2.0209038182997132e-8
Peripheral Vascular Disease,5.271776173655396,4.1902883929299195,6.36448972060053,4.430595117520037e-10
