Group,APC,APC_lower,APC_upper,p_value
Diabetes,4.078307770937073,3.07097867232613,5.09548165734357,1.4852796452632563e-8
Peripheral Vascular Disease,5.539037618634546,4.481509446437326,6.607269750230094,1.0787836753189507e-10
